epoch,train_loss,train_accuracy,train_precision,train_recall,train_f1,val_loss,val_accuracy,val_precision,val_recall,val_f1,epoch_time_ms
1,0.70114739,0.50000000,0.00000000,0.00000000,0.00000000,0.73482017,0.50000000,0.00000000,0.00000000,0.00000000,141
2,0.67647660,0.60333333,0.56224900,0.93333333,0.70175439,0.69954636,0.50000000,0.50000000,0.86000000,0.63235294,138
3,0.69362357,0.50000000,0.00000000,0.00000000,0.00000000,0.72395213,0.50000000,0.00000000,0.00000000,0.00000000,140
4,0.67619550,0.54666667,0.52447552,1.00000000,0.68807339,0.71333871,0.50000000,0.50000000,0.94000000,0.65277778,142
5,0.68486376,0.53666667,0.51903114,1.00000000,0.68337130,0.72960542,0.48000000,0.48958333,0.94000000,0.64383562,141
6,0.66257337,0.56666667,0.53623188,0.98666667,0.69483568,0.71779669,0.50000000,0.50000000,0.92000000,0.64788732,141
7,0.64248457,0.57333333,0.76190476,0.21333333,0.33333333,0.72750139,0.47000000,0.42105263,0.16000000,0.23188406,144
8,0.61614766,0.66000000,0.60434783,0.92666667,0.73157895,0.71532249,0.52000000,0.51351351,0.76000000,0.61290323,146
9,0.73454679,0.52333333,1.00000000,0.04666667,0.08917197,0.84818875,0.53000000,1.00000000,0.06000000,0.11320755,139
10,0.58562184,0.78000000,0.78378378,0.77333333,0.77852349,0.72114799,0.48000000,0.47916667,0.46000000,0.46938776,142
11,0.58369574,0.72000000,0.66836735,0.87333333,0.75722543,0.70147430,0.53000000,0.52054795,0.76000000,0.61788618,138
12,0.66986541,0.60000000,0.55597015,0.99333333,0.71291866,0.75825802,0.51000000,0.50537634,0.94000000,0.65734266,142
13,0.63420446,0.56000000,0.95000000,0.12666667,0.22352941,0.73814511,0.50000000,0.50000000,0.06000000,0.10714286,139
14,0.64844476,0.57333333,0.53956835,1.00000000,0.70093458,0.77228263,0.49000000,0.49462366,0.92000000,0.64335664,140
15,0.57512478,0.71666667,0.77310924,0.61333333,0.68401487,0.73875584,0.49000000,0.48780488,0.40000000,0.43956044,144
16,0.63074391,0.57000000,0.76923077,0.20000000,0.31746032,0.81188231,0.52000000,0.58333333,0.14000000,0.22580645,140
17,0.53354793,0.77333333,0.69711538,0.96666667,0.81005587,0.74526793,0.52000000,0.51428571,0.72000000,0.60000000,142
18,0.68175507,0.62000000,0.56870229,0.99333333,0.72330097,0.91140927,0.48000000,0.48936170,0.92000000,0.63888889,142
19,0.51985436,0.80333333,0.87603306,0.70666667,0.78228782,0.75218258,0.53000000,0.54285714,0.38000000,0.44705882,139
20,0.47894499,0.80666667,0.74731183,0.92666667,0.82738095,0.78256894,0.54000000,0.52941176,0.72000000,0.61016949,139
21,0.51920987,0.70000000,0.64423077,0.89333333,0.74860335,0.81218833,0.55000000,0.53333333,0.80000000,0.64000000,141
22,0.44986081,0.82333333,0.75935829,0.94666667,0.84272997,0.80606360,0.50000000,0.50000000,0.68000000,0.57627119,138
23,0.60102161,0.61000000,0.72000000,0.36000000,0.48000000,0.83166039,0.51000000,0.51851852,0.28000000,0.36363636,142
24,0.54283837,0.73000000,0.88764045,0.52666667,0.66108787,0.76270861,0.55000000,0.58620690,0.34000000,0.43037975,141
25,0.51023451,0.77333333,0.69902913,0.96000000,0.80898876,0.73869001,0.54000000,0.52702703,0.78000000,0.62903226,138
26,0.85573036,0.59666667,0.87179487,0.22666667,0.35978836,1.08983333,0.53000000,0.63636364,0.14000000,0.22950820,145
27,0.46924334,0.85333333,0.84868421,0.86000000,0.85430464,0.75350840,0.49000000,0.48888889,0.44000000,0.46315789,140
28,0.38969427,0.85333333,0.85810811,0.84666667,0.85234899,0.87605715,0.54000000,0.54347826,0.50000000,0.52083333,145
29,0.75408169,0.59666667,0.55390335,0.99333333,0.71121718,1.03721249,0.52000000,0.51063830,0.96000000,0.66666667,140
30,0.48023770,0.76333333,0.72067039,0.86000000,0.78419453,0.80446238,0.52000000,0.51923077,0.54000000,0.52941176,140
31,0.42438915,0.79666667,0.73544974,0.92666667,0.82005900,0.88736203,0.50000000,0.50000000,0.74000000,0.59677419,142
32,0.43185903,0.80000000,0.71634615,0.99333333,0.83240223,0.81803710,0.49000000,0.49382716,0.80000000,0.61068702,140
33,0.40607584,0.89000000,0.89795918,0.88000000,0.88888889,0.83782012,0.45000000,0.44680851,0.42000000,0.43298969,140
34,0.64882795,0.58666667,0.88235294,0.20000000,0.32608696,1.14293651,0.53000000,0.61538462,0.16000000,0.25396825,141
35,0.40170158,0.84666667,0.80952381,0.90666667,0.85534591,0.90027889,0.53000000,0.52631579,0.60000000,0.56074766,139
36,0.42669476,0.77333333,0.68981481,0.99333333,0.81420765,0.98867338,0.55000000,0.53164557,0.84000000,0.65116279,139
37,0.49978998,0.70333333,0.95522388,0.42666667,0.58986175,1.04457507,0.54000000,0.62500000,0.20000000,0.30303030,140
38,0.34683339,0.85666667,0.78010471,0.99333333,0.87390029,0.96729689,0.50000000,0.50000000,0.70000000,0.58333333,144
39,0.29722889,0.88000000,0.81318681,0.98666667,0.89156627,0.98270617,0.47000000,0.47887324,0.68000000,0.56198347,140
40,0.39486742,0.81666667,0.92035398,0.69333333,0.79087452,0.99529550,0.57000000,0.60606061,0.40000000,0.48192771,138
41,0.39849485,0.81333333,0.73267327,0.98666667,0.84090909,0.98179532,0.53000000,0.52173913,0.72000000,0.60504202,150
42,0.30094633,0.90333333,0.87116564,0.94666667,0.90734824,0.90063628,0.53000000,0.52830189,0.56000000,0.54368932,138
43,0.27863917,0.89000000,0.83050847,0.98000000,0.89908257,0.95018729,0.48000000,0.48148148,0.52000000,0.50000000,138
44,0.29372671,0.92666667,0.98484848,0.86666667,0.92198582,0.90857232,0.52000000,0.53125000,0.34000000,0.41463415,139
45,0.35807533,0.91333333,0.94285714,0.88000000,0.91034483,0.86934611,0.49000000,0.48648649,0.36000000,0.41379310,139
46,0.39943143,0.85000000,0.78074866,0.97333333,0.86646884,0.80884027,0.50000000,0.50000000,0.66000000,0.56896552,138
47,0.28599322,0.88333333,0.90780142,0.85333333,0.87972509,1.05755109,0.51000000,0.51351351,0.38000000,0.43678161,145
48,0.58881991,0.71000000,0.63291139,1.00000000,0.77519380,0.96998204,0.51000000,0.50617284,0.82000000,0.62595420,146
49,0.33422928,0.84000000,1.00000000,0.68000000,0.80952381,1.06495462,0.49000000,0.47619048,0.20000000,0.28169014,143
50,0.19621523,0.95666667,0.94193548,0.97333333,0.95737705,1.00515683,0.51000000,0.51162791,0.44000000,0.47311828,144
51,0.61642622,0.67333333,1.00000000,0.34666667,0.51485149,1.58408732,0.52000000,0.58333333,0.14000000,0.22580645,140
52,0.40208817,0.84666667,0.83766234,0.86000000,0.84868421,0.88791841,0.49000000,0.48888889,0.44000000,0.46315789,139
53,0.26457677,0.89000000,0.90344828,0.87333333,0.88813559,1.09895463,0.55000000,0.55813953,0.48000000,0.51612903,141
54,0.35625193,0.90333333,0.96899225,0.83333333,0.89605735,0.90178995,0.51000000,0.51612903,0.32000000,0.39506173,142
55,0.49804136,0.75000000,0.66666667,1.00000000,0.80000000,1.26014231,0.50000000,0.50000000,0.76000000,0.60317460,141
56,0.24698206,0.88000000,0.80645161,1.00000000,0.89285714,1.06985744,0.52000000,0.51470588,0.70000000,0.59322034,141
57,0.29466358,0.95666667,0.94193548,0.97333333,0.95737705,0.78646634,0.59000000,0.61538462,0.48000000,0.53932584,140
58,0.20063774,0.92000000,0.86206897,1.00000000,0.92592593,1.07333968,0.49000000,0.49206349,0.62000000,0.54867257,138
59,0.46045831,0.78666667,0.70093458,1.00000000,0.82417582,0.90327099,0.51000000,0.50704225,0.72000000,0.59504132,141
60,0.25601575,0.94000000,0.97826087,0.90000000,0.93750000,0.91992432,0.54000000,0.55000000,0.44000000,0.48888889,142
61,0.85935465,0.59666667,0.55350554,1.00000000,0.71258907,1.31597336,0.50000000,0.50000000,0.92000000,0.64788732,140
62,0.20612239,0.96000000,0.97260274,0.94666667,0.95945946,1.09262102,0.54000000,0.56250000,0.36000000,0.43902439,140
63,0.27681440,0.88000000,0.80645161,1.00000000,0.89285714,1.13747656,0.54000000,0.52564103,0.82000000,0.64062500,140
64,0.25275734,0.89333333,0.82417582,1.00000000,0.90361446,0.98943755,0.53000000,0.52307692,0.68000000,0.59130435,141
65,0.12887026,0.96333333,0.93710692,0.99333333,0.96440129,1.21570536,0.51000000,0.50980392,0.52000000,0.51485149,139
66,0.22643678,0.90666667,0.86309524,0.96666667,0.91194969,1.40023106,0.50000000,0.50000000,0.54000000,0.51923077,141
67,0.19724957,0.92000000,0.99218750,0.84666667,0.91366906,1.54568192,0.59000000,0.71428571,0.30000000,0.42253521,139
68,0.49075160,0.82666667,0.86567164,0.77333333,0.81690141,0.74195398,0.55000000,0.56756757,0.42000000,0.48275862,142
69,0.58740609,0.64666667,1.00000000,0.29333333,0.45360825,1.03571748,0.55000000,0.77777778,0.14000000,0.23728814,140
70,0.43079179,0.76000000,0.67567568,1.00000000,0.80645161,1.12559742,0.48000000,0.48809524,0.82000000,0.61194030,137
71,0.21244810,0.93666667,0.88757396,1.00000000,0.94043887,1.06141510,0.51000000,0.50847458,0.60000000,0.55045872,139
72,0.32286189,0.84000000,0.76288660,0.98666667,0.86046512,1.00517844,0.55000000,0.53521127,0.76000000,0.62809917,142
73,0.32257165,0.88000000,0.84337349,0.93333333,0.88607595,0.87804950,0.55000000,0.54237288,0.64000000,0.58715596,139
74,1.02954863,0.60666667,0.97058824,0.22000000,0.35869565,2.32287897,0.52000000,0.60000000,0.12000000,0.20000000,140
75,0.38254962,0.82000000,0.82000000,0.82000000,0.82000000,0.90514926,0.54000000,0.55555556,0.40000000,0.46511628,140
76,0.29675294,0.87000000,0.79365079,1.00000000,0.88495575,0.99532107,0.55000000,0.53846154,0.70000000,0.60869565,141
77,0.21073075,0.91666667,0.98449612,0.84666667,0.91039427,1.17528736,0.56000000,0.62500000,0.30000000,0.40540541,139
78,0.42455882,0.78333333,0.69767442,1.00000000,0.82191781,1.04196152,0.59000000,0.56164384,0.82000000,0.66666667,142
79,0.21598582,0.96333333,1.00000000,0.92666667,0.96193772,0.99828673,0.51000000,0.51612903,0.32000000,0.39506173,141
80,0.13695006,0.96666667,0.93750000,1.00000000,0.96774194,1.14679866,0.51000000,0.50877193,0.58000000,0.54205607,140
81,0.12592955,0.97666667,0.98639456,0.96666667,0.97643098,1.27171765,0.55000000,0.58064516,0.36000000,0.44444444,142
82,0.09808401,0.99000000,1.00000000,0.98000000,0.98989899,1.30684300,0.52000000,0.53125000,0.34000000,0.41463415,141
83,0.13382692,0.95666667,0.92024540,1.00000000,0.95846645,1.32318075,0.51000000,0.50877193,0.58000000,0.54205607,138
84,0.12880556,0.96666667,1.00000000,0.93333333,0.96551724,1.47868985,0.59000000,0.65517241,0.38000000,0.48101266,138
85,0.35466884,0.83000000,1.00000000,0.66000000,0.79518072,1.12588508,0.56000000,0.63636364,0.28000000,0.38888889,142
86,0.22990574,0.92000000,0.93750000,0.90000000,0.91836735,1.06342826,0.51000000,0.51063830,0.48000000,0.49484536,141
87,0.23805105,0.87333333,0.93750000,0.80000000,0.86330935,1.20554301,0.55000000,0.56410256,0.44000000,0.49438202,146
88,0.33537173,0.89333333,0.89333333,0.89333333,0.89333333,0.91766168,0.45000000,0.44186047,0.38000000,0.40860215,140
89,0.26297404,0.90000000,0.87500000,0.93333333,0.90322581,1.19692183,0.53000000,0.52631579,0.60000000,0.56074766,143
90,0.63110571,0.62666667,0.82758621,0.32000000,0.46153846,1.26966335,0.50000000,0.50000000,0.20000000,0.28571429,137
91,0.22881000,0.93000000,0.96402878,0.89333333,0.92733564,1.16308044,0.52000000,0.52500000,0.42000000,0.46666667,141
92,0.35602609,0.83666667,0.99029126,0.68000000,0.80632411,1.42020903,0.49000000,0.48000000,0.24000000,0.32000000,142
93,0.24650763,0.92666667,0.95070423,0.90000000,0.92465753,1.15910210,0.52000000,0.52631579,0.40000000,0.45454545,140
94,0.11730404,0.97000000,0.96688742,0.97333333,0.97009967,1.36765679,0.52000000,0.51923077,0.54000000,0.52941176,141
95,0.23642713,0.93666667,0.91194969,0.96666667,0.93851133,0.98627912,0.49000000,0.49152542,0.58000000,0.53211009,141
96,0.11941928,0.96000000,0.94230769,0.98000000,0.96078431,1.42561034,0.50000000,0.50000000,0.54000000,0.51923077,141
97,0.20966625,0.91000000,0.85964912,0.98000000,0.91588785,1.31722716,0.51000000,0.50793651,0.64000000,0.56637168,138
98,0.12130197,0.98000000,0.98648649,0.97333333,0.97986577,1.46198875,0.53000000,0.54285714,0.38000000,0.44705882,140
99,0.56805841,0.71666667,1.00000000,0.43333333,0.60465116,1.86344218,0.54000000,0.75000000,0.12000000,0.20689655,139
100,0.35643148,0.86333333,0.79144385,0.98666667,0.87833828,1.31382559,0.50000000,0.50000000,0.72000000,0.59016393,141
101,0.35772170,0.80333333,1.00000000,0.60666667,0.75518672,1.27515652,0.50000000,0.50000000,0.16000000,0.24242424,139
102,0.19011485,0.93333333,0.96428571,0.90000000,0.93103448,1.41686552,0.51000000,0.51282051,0.40000000,0.44943820,142
103,0.37021184,0.83000000,0.92307692,0.72000000,0.80898876,1.37562944,0.51000000,0.51428571,0.36000000,0.42352941,141
104,0.25661831,0.89000000,0.96800000,0.80666667,0.88000000,1.43315669,0.48000000,0.46428571,0.26000000,0.33333333,138
105,0.33028954,0.94333333,0.95862069,0.92666667,0.94237288,0.95564121,0.54000000,0.57692308,0.30000000,0.39473684,141
106,0.16489000,0.94333333,0.90797546,0.98666667,0.94568690,1.21353264,0.52000000,0.51562500,0.66000000,0.57894737,141
107,0.48636428,0.72666667,0.79824561,0.60666667,0.68939394,1.13633585,0.51000000,0.51515152,0.34000000,0.40963855,147
108,0.30787585,0.85666667,0.78010471,0.99333333,0.87390029,1.18508751,0.55000000,0.53846154,0.70000000,0.60869565,141
109,0.24170217,0.92000000,0.87500000,0.98000000,0.92452830,1.13336855,0.44000000,0.44000000,0.44000000,0.44000000,149
110,0.37178022,0.85333333,0.96491228,0.73333333,0.83333333,1.27656372,0.49000000,0.47826087,0.22000000,0.30136986,146
111,0.49502189,0.74666667,0.66371681,1.00000000,0.79787234,1.07782960,0.50000000,0.50000000,0.78000000,0.60937500,141
112,2.08684855,0.54666667,0.93750000,0.10000000,0.18072289,3.13324942,0.50000000,0.50000000,0.02000000,0.03846154,147
113,0.20843004,0.97000000,0.96688742,0.97333333,0.97009967,1.14590815,0.52000000,0.52272727,0.46000000,0.48936170,148
114,0.20657843,0.90666667,0.84659091,0.99333333,0.91411043,1.22331361,0.54000000,0.53030303,0.70000000,0.60344828,143
115,0.25502330,0.88666667,0.81521739,1.00000000,0.89820359,1.35416008,0.53000000,0.52238806,0.70000000,0.59829060,151
116,0.29655534,0.87666667,0.99130435,0.76000000,0.86037736,1.55599494,0.52000000,0.55000000,0.22000000,0.31428571,141
117,0.19152143,0.93000000,0.87719298,1.00000000,0.93457944,1.16137892,0.51000000,0.50877193,0.58000000,0.54205607,144
118,0.09879828,0.98333333,0.98657718,0.98000000,0.98327759,1.59549811,0.51000000,0.51219512,0.42000000,0.46153846,141
119,0.25005793,0.88000000,1.00000000,0.76000000,0.86363636,2.06601217,0.53000000,0.60000000,0.18000000,0.27692308,145
120,0.06042032,0.99000000,0.98039216,1.00000000,0.99009901,1.70703780,0.49000000,0.48888889,0.44000000,0.46315789,149
121,0.14834997,0.94333333,0.89820359,1.00000000,0.94637224,1.49247288,0.58000000,0.56250000,0.72000000,0.63157895,140
122,0.04840653,0.99666667,0.99337748,1.00000000,0.99667774,1.67387247,0.48000000,0.47368421,0.36000000,0.40909091,141
123,0.04393258,0.99666667,0.99337748,1.00000000,0.99667774,1.65526666,0.49000000,0.49056604,0.52000000,0.50485437,140
124,0.03239987,1.00000000,1.00000000,1.00000000,1.00000000,1.67464264,0.51000000,0.51282051,0.40000000,0.44943820,140
125,0.04121270,1.00000000,1.00000000,1.00000000,1.00000000,1.69170583,0.48000000,0.48076923,0.50000000,0.49019608,143
126,0.03121018,0.99666667,0.99337748,1.00000000,0.99667774,1.86733786,0.51000000,0.51020408,0.50000000,0.50505051,153
127,0.02617684,1.00000000,1.00000000,1.00000000,1.00000000,1.77582289,0.53000000,0.53191489,0.50000000,0.51546392,145
128,0.02785223,1.00000000,1.00000000,1.00000000,1.00000000,1.84194351,0.52000000,0.52941176,0.36000000,0.42857143,141
129,0.03088706,1.00000000,1.00000000,1.00000000,1.00000000,1.95426674,0.52000000,0.53125000,0.34000000,0.41463415,145
130,0.02651367,1.00000000,1.00000000,1.00000000,1.00000000,1.81949922,0.51000000,0.51219512,0.42000000,0.46153846,141
131,0.02066674,1.00000000,1.00000000,1.00000000,1.00000000,1.82859626,0.52000000,0.52000000,0.52000000,0.52000000,145
132,0.04564685,0.99666667,1.00000000,0.99333333,0.99665552,2.08598034,0.54000000,0.56666667,0.34000000,0.42500000,145
133,0.24597490,0.90666667,0.85882353,0.97333333,0.91250000,1.22145250,0.52000000,0.51851852,0.56000000,0.53846154,142
134,0.21685259,0.93333333,0.95138889,0.91333333,0.93197279,1.18322421,0.55000000,0.56410256,0.44000000,0.49438202,140
135,0.57375109,0.67666667,1.00000000,0.35333333,0.52216749,1.13066056,0.53000000,0.66666667,0.12000000,0.20338983,143
136,0.14347378,0.95333333,0.99275362,0.91333333,0.95138889,1.41216205,0.55000000,0.57142857,0.40000000,0.47058824,143
137,0.29046758,0.92000000,0.94366197,0.89333333,0.91780822,0.87682229,0.56000000,0.56818182,0.50000000,0.53191489,142
138,0.09496232,0.98666667,0.99324324,0.98000000,0.98657718,1.36877803,0.51000000,0.51351351,0.38000000,0.43678161,143
139,0.06019185,0.98333333,0.96774194,1.00000000,0.98360656,1.59304058,0.57000000,0.55932203,0.66000000,0.60550459,140
140,1.17807693,0.71000000,0.63291139,1.00000000,0.77519380,2.42004125,0.53000000,0.51807229,0.86000000,0.64661654,140
141,0.14867970,0.95000000,0.94117647,0.96000000,0.95049505,1.49915681,0.47000000,0.47272727,0.52000000,0.49523810,139
142,0.13402442,0.94333333,0.89820359,1.00000000,0.94637224,1.44994714,0.53000000,0.52307692,0.68000000,0.59130435,139
143,0.04075273,0.99000000,0.99328859,0.98666667,0.98996656,1.71133916,0.47000000,0.46341463,0.38000000,0.41758242,141
144,0.06191403,0.99000000,0.98039216,1.00000000,0.99009901,1.48169156,0.52000000,0.51923077,0.54000000,0.52941176,162
145,0.04041458,0.99333333,0.98684211,1.00000000,0.99337748,1.72366573,0.53000000,0.52830189,0.56000000,0.54368932,148
146,0.02831240,0.99666667,0.99337748,1.00000000,0.99667774,1.70220874,0.47000000,0.46666667,0.42000000,0.44210526,160
147,0.33034272,0.85666667,0.97345133,0.73333333,0.83650190,1.22397882,0.44000000,0.41666667,0.30000000,0.34883721,139
148,0.16903418,0.94000000,0.94594595,0.93333333,0.93959732,1.27203886,0.52000000,0.52272727,0.46000000,0.48936170,143
149,0.17632059,0.93333333,0.89634146,0.98000000,0.93630573,1.37322597,0.52000000,0.51666667,0.62000000,0.56363636,145
150,0.19724722,0.94000000,0.94000000,0.94000000,0.94000000,1.37447660,0.48000000,0.47916667,0.46000000,0.46938776,144
151,0.54200333,0.76000000,0.67567568,1.00000000,0.80645161,1.28517937,0.52000000,0.51250000,0.82000000,0.63076923,141
152,0.16022612,0.95333333,0.96575342,0.94000000,0.95270270,1.27319968,0.51000000,0.51351351,0.38000000,0.43678161,147
153,0.11195289,0.98666667,0.98666667,0.98666667,0.98666667,1.39640772,0.47000000,0.46153846,0.36000000,0.40449438,144
154,0.96885453,0.56666667,0.95454545,0.14000000,0.24418605,2.03531954,0.50000000,0.50000000,0.02000000,0.03846154,138
155,0.14439354,0.95000000,0.97202797,0.92666667,0.94880546,1.49751731,0.44000000,0.41666667,0.30000000,0.34883721,141
156,0.13539018,0.96000000,0.94805195,0.97333333,0.96052632,1.53002556,0.51000000,0.51162791,0.44000000,0.47311828,139
157,0.32086171,0.86666667,0.85714286,0.88000000,0.86842105,0.94336711,0.51000000,0.51219512,0.42000000,0.46153846,140
158,0.48635840,0.82000000,0.75000000,0.96000000,0.84210526,0.72132696,0.56000000,0.55172414,0.64000000,0.59259259,141
159,0.67030071,0.62666667,0.93181818,0.27333333,0.42268041,1.18121516,0.52000000,0.57142857,0.16000000,0.25000000,142
160,0.21598530,0.91333333,0.92465753,0.90000000,0.91216216,1.45710341,0.48000000,0.47826087,0.44000000,0.45833333,142
161,0.29050467,0.88000000,0.81666667,0.98000000,0.89090909,1.28063371,0.53000000,0.52173913,0.72000000,0.60504202,146
162,0.27059858,0.89666667,0.92198582,0.86666667,0.89347079,1.08551585,0.54000000,0.54347826,0.50000000,0.52083333,148
163,0.16818009,0.95333333,0.97887324,0.92666667,0.95205479,1.26968081,0.48000000,0.47222222,0.34000000,0.39534884,144
164,0.10202206,0.98000000,0.98648649,0.97333333,0.97986577,1.42838441,0.47000000,0.46808511,0.44000000,0.45360825,142
165,0.29880413,0.93666667,0.92258065,0.95333333,0.93770492,0.89974600,0.54000000,0.54347826,0.50000000,0.52083333,143
166,0.35761192,0.85666667,0.82424242,0.90666667,0.86349206,1.08413146,0.52000000,0.52173913,0.48000000,0.50000000,143
167,0.18016388,0.96333333,0.94267516,0.98666667,0.96416938,1.00419463,0.56000000,0.55769231,0.58000000,0.56862745,140
168,0.15799999,0.95000000,0.97872340,0.92000000,0.94845361,1.25370675,0.56000000,0.58823529,0.40000000,0.47619048,139
169,0.16924954,0.94333333,0.90303030,0.99333333,0.94603175,1.45818579,0.51000000,0.50769231,0.66000000,0.57391304,139
170,0.06270909,0.98666667,1.00000000,0.97333333,0.98648649,1.60567153,0.47000000,0.46341463,0.38000000,0.41758242,140
171,0.08767864,0.97000000,0.94904459,0.99333333,0.97068404,1.54610944,0.52000000,0.51666667,0.62000000,0.56363636,144
172,0.04964644,0.99333333,0.99333333,0.99333333,0.99333333,1.58155015,0.50000000,0.50000000,0.50000000,0.50000000,144
173,0.03981630,0.99666667,1.00000000,0.99333333,0.99665552,1.66933920,0.53000000,0.52830189,0.56000000,0.54368932,143
174,0.52805679,0.80000000,0.71428571,1.00000000,0.83333333,1.88340102,0.57000000,0.54216867,0.90000000,0.67669173,148
175,0.06591143,0.98333333,0.98013245,0.98666667,0.98338870,1.71966572,0.48000000,0.48000000,0.48000000,0.48000000,141
176,0.04993328,0.99000000,0.98675497,0.99333333,0.99003322,1.71415021,0.51000000,0.50909091,0.56000000,0.53333333,141
177,0.03068469,0.99666667,1.00000000,0.99333333,0.99665552,1.72928382,0.50000000,0.50000000,0.48000000,0.48979592,138
178,0.06481351,0.98666667,0.97402597,1.00000000,0.98684211,1.71015806,0.50000000,0.50000000,0.52000000,0.50980392,145
179,0.02573069,0.99666667,1.00000000,0.99333333,0.99665552,1.81843391,0.49000000,0.48936170,0.46000000,0.47422680,140
180,0.02555579,0.99666667,1.00000000,0.99333333,0.99665552,1.95509523,0.49000000,0.48936170,0.46000000,0.47422680,142
181,0.02622582,1.00000000,1.00000000,1.00000000,1.00000000,1.80641950,0.48000000,0.48076923,0.50000000,0.49019608,141
182,0.02386228,1.00000000,1.00000000,1.00000000,1.00000000,1.85266867,0.49000000,0.48936170,0.46000000,0.47422680,138
183,0.01838283,0.99666667,1.00000000,0.99333333,0.99665552,1.88959138,0.51000000,0.51111111,0.46000000,0.48421053,138
184,0.01798055,1.00000000,1.00000000,1.00000000,1.00000000,1.90380001,0.50000000,0.50000000,0.46000000,0.47916667,139
185,0.01612772,0.99666667,1.00000000,0.99333333,0.99665552,1.89492907,0.51000000,0.51111111,0.46000000,0.48421053,140
186,0.01705364,1.00000000,1.00000000,1.00000000,1.00000000,1.94050743,0.51000000,0.51020408,0.50000000,0.50505051,138
187,0.03169202,1.00000000,1.00000000,1.00000000,1.00000000,2.05080397,0.50000000,0.50000000,0.34000000,0.40476190,138
188,0.01408127,1.00000000,1.00000000,1.00000000,1.00000000,1.98895246,0.49000000,0.48888889,0.44000000,0.46315789,140
189,0.01305980,1.00000000,1.00000000,1.00000000,1.00000000,2.01991315,0.52000000,0.52380952,0.44000000,0.47826087,140
190,0.01289453,1.00000000,1.00000000,1.00000000,1.00000000,2.03180873,0.50000000,0.50000000,0.46000000,0.47916667,141
191,0.01303337,1.00000000,1.00000000,1.00000000,1.00000000,2.04758158,0.50000000,0.50000000,0.40000000,0.44444444,140
192,0.01160357,1.00000000,1.00000000,1.00000000,1.00000000,2.01245737,0.49000000,0.48936170,0.46000000,0.47422680,139
193,0.01081601,1.00000000,1.00000000,1.00000000,1.00000000,2.00700929,0.52000000,0.52272727,0.46000000,0.48936170,139
194,0.01164947,1.00000000,1.00000000,1.00000000,1.00000000,2.05236627,0.52000000,0.52500000,0.42000000,0.46666667,140
195,0.01136415,1.00000000,1.00000000,1.00000000,1.00000000,2.08657297,0.48000000,0.47500000,0.38000000,0.42222222,141
196,0.00955755,1.00000000,1.00000000,1.00000000,1.00000000,2.07818674,0.51000000,0.51162791,0.44000000,0.47311828,146
197,0.00971577,1.00000000,1.00000000,1.00000000,1.00000000,2.05501741,0.52000000,0.52380952,0.44000000,0.47826087,142
198,0.00914007,1.00000000,1.00000000,1.00000000,1.00000000,2.08045979,0.52000000,0.52173913,0.48000000,0.50000000,141
199,0.00892982,1.00000000,1.00000000,1.00000000,1.00000000,2.11690108,0.52000000,0.52272727,0.46000000,0.48936170,138
200,0.00853953,1.00000000,1.00000000,1.00000000,1.00000000,2.12081736,0.52000000,0.52272727,0.46000000,0.48936170,145
201,0.00849471,1.00000000,1.00000000,1.00000000,1.00000000,2.11537127,0.50000000,0.50000000,0.46000000,0.47916667,142
202,0.00838297,1.00000000,1.00000000,1.00000000,1.00000000,2.12708242,0.51000000,0.51219512,0.42000000,0.46153846,138
203,0.00803115,1.00000000,1.00000000,1.00000000,1.00000000,2.15797368,0.51000000,0.51063830,0.48000000,0.49484536,141
204,0.00754461,1.00000000,1.00000000,1.00000000,1.00000000,2.14757631,0.52000000,0.52272727,0.46000000,0.48936170,141
205,0.00769104,1.00000000,1.00000000,1.00000000,1.00000000,2.17586779,0.51000000,0.51162791,0.44000000,0.47311828,138
206,0.00732440,1.00000000,1.00000000,1.00000000,1.00000000,2.21034835,0.52000000,0.52173913,0.48000000,0.50000000,139
207,0.00709551,1.00000000,1.00000000,1.00000000,1.00000000,2.22818574,0.51000000,0.51111111,0.46000000,0.48421053,139
208,0.00695696,1.00000000,1.00000000,1.00000000,1.00000000,2.19088392,0.52000000,0.52380952,0.44000000,0.47826087,139
209,0.00705005,1.00000000,1.00000000,1.00000000,1.00000000,2.21705697,0.51000000,0.51219512,0.42000000,0.46153846,139
210,0.00672612,1.00000000,1.00000000,1.00000000,1.00000000,2.22935537,0.52000000,0.52380952,0.44000000,0.47826087,140
211,0.00639175,1.00000000,1.00000000,1.00000000,1.00000000,2.23617321,0.52000000,0.52173913,0.48000000,0.50000000,148
212,0.00622519,1.00000000,1.00000000,1.00000000,1.00000000,2.24994232,0.51000000,0.51111111,0.46000000,0.48421053,139
213,0.00614631,1.00000000,1.00000000,1.00000000,1.00000000,2.24306750,0.52000000,0.52173913,0.48000000,0.50000000,139
214,0.00626075,1.00000000,1.00000000,1.00000000,1.00000000,2.26922572,0.51000000,0.51063830,0.48000000,0.49484536,140
215,0.00581158,1.00000000,1.00000000,1.00000000,1.00000000,2.27796246,0.51000000,0.51111111,0.46000000,0.48421053,139
216,0.00574487,1.00000000,1.00000000,1.00000000,1.00000000,2.29573211,0.51000000,0.51111111,0.46000000,0.48421053,140
217,0.00567427,1.00000000,1.00000000,1.00000000,1.00000000,2.30513353,0.51000000,0.51111111,0.46000000,0.48421053,138
218,0.00549925,1.00000000,1.00000000,1.00000000,1.00000000,2.31030358,0.51000000,0.51111111,0.46000000,0.48421053,141
219,0.00539856,1.00000000,1.00000000,1.00000000,1.00000000,2.33008982,0.52000000,0.52173913,0.48000000,0.50000000,140
220,0.00530309,1.00000000,1.00000000,1.00000000,1.00000000,2.33405271,0.52000000,0.52173913,0.48000000,0.50000000,140
221,0.00523638,1.00000000,1.00000000,1.00000000,1.00000000,2.32217426,0.51000000,0.51162791,0.44000000,0.47311828,140
222,0.00518248,1.00000000,1.00000000,1.00000000,1.00000000,2.32932860,0.51000000,0.51111111,0.46000000,0.48421053,141
223,0.00511041,1.00000000,1.00000000,1.00000000,1.00000000,2.35020306,0.51000000,0.51162791,0.44000000,0.47311828,138
224,0.00504746,1.00000000,1.00000000,1.00000000,1.00000000,2.34679131,0.52000000,0.52380952,0.44000000,0.47826087,138
225,0.00493731,1.00000000,1.00000000,1.00000000,1.00000000,2.37223185,0.51000000,0.51063830,0.48000000,0.49484536,139
226,0.00481730,1.00000000,1.00000000,1.00000000,1.00000000,2.38129427,0.52000000,0.52173913,0.48000000,0.50000000,139
227,0.00469007,1.00000000,1.00000000,1.00000000,1.00000000,2.39382114,0.51000000,0.51111111,0.46000000,0.48421053,142
228,0.00463849,1.00000000,1.00000000,1.00000000,1.00000000,2.38970704,0.52000000,0.52173913,0.48000000,0.50000000,139
229,0.00458774,1.00000000,1.00000000,1.00000000,1.00000000,2.41292014,0.50000000,0.50000000,0.44000000,0.46808511,140
230,0.00449858,1.00000000,1.00000000,1.00000000,1.00000000,2.40757609,0.51000000,0.51162791,0.44000000,0.47311828,143
231,0.00441728,1.00000000,1.00000000,1.00000000,1.00000000,2.41018506,0.51000000,0.51162791,0.44000000,0.47311828,143
232,0.00434158,1.00000000,1.00000000,1.00000000,1.00000000,2.41451503,0.51000000,0.51111111,0.46000000,0.48421053,138
233,0.00428249,1.00000000,1.00000000,1.00000000,1.00000000,2.43279315,0.50000000,0.50000000,0.44000000,0.46808511,140
234,0.00426181,1.00000000,1.00000000,1.00000000,1.00000000,2.44780367,0.50000000,0.50000000,0.44000000,0.46808511,139
235,0.00422057,1.00000000,1.00000000,1.00000000,1.00000000,2.45252223,0.51000000,0.51162791,0.44000000,0.47311828,142
236,0.00413080,1.00000000,1.00000000,1.00000000,1.00000000,2.44097792,0.51000000,0.51162791,0.44000000,0.47311828,141
237,0.00407296,1.00000000,1.00000000,1.00000000,1.00000000,2.44558458,0.51000000,0.51111111,0.46000000,0.48421053,141
238,0.00400511,1.00000000,1.00000000,1.00000000,1.00000000,2.46139500,0.50000000,0.50000000,0.44000000,0.46808511,139
239,0.00396982,1.00000000,1.00000000,1.00000000,1.00000000,2.46641850,0.50000000,0.50000000,0.44000000,0.46808511,139
240,0.00391179,1.00000000,1.00000000,1.00000000,1.00000000,2.47210814,0.52000000,0.52173913,0.48000000,0.50000000,141
241,0.00395484,1.00000000,1.00000000,1.00000000,1.00000000,2.49910660,0.52000000,0.52380952,0.44000000,0.47826087,139
242,0.00380791,1.00000000,1.00000000,1.00000000,1.00000000,2.48404447,0.51000000,0.51162791,0.44000000,0.47311828,139
243,0.00376262,1.00000000,1.00000000,1.00000000,1.00000000,2.49409066,0.51000000,0.51162791,0.44000000,0.47311828,139
244,0.00371311,1.00000000,1.00000000,1.00000000,1.00000000,2.50196609,0.51000000,0.51111111,0.46000000,0.48421053,142
245,0.00366630,1.00000000,1.00000000,1.00000000,1.00000000,2.51014507,0.50000000,0.50000000,0.44000000,0.46808511,141
246,0.00365671,1.00000000,1.00000000,1.00000000,1.00000000,2.50193010,0.51000000,0.51162791,0.44000000,0.47311828,141
247,0.00363568,1.00000000,1.00000000,1.00000000,1.00000000,2.51892266,0.50000000,0.50000000,0.44000000,0.46808511,142
248,0.00355615,1.00000000,1.00000000,1.00000000,1.00000000,2.51942229,0.51000000,0.51162791,0.44000000,0.47311828,141
249,0.00351303,1.00000000,1.00000000,1.00000000,1.00000000,2.53451877,0.50000000,0.50000000,0.44000000,0.46808511,141
250,0.00352558,1.00000000,1.00000000,1.00000000,1.00000000,2.53180123,0.51000000,0.51162791,0.44000000,0.47311828,139
251,0.00346689,1.00000000,1.00000000,1.00000000,1.00000000,2.51994076,0.52000000,0.52272727,0.46000000,0.48936170,142
252,0.00340278,1.00000000,1.00000000,1.00000000,1.00000000,2.53335715,0.52000000,0.52272727,0.46000000,0.48936170,137
253,0.00341858,1.00000000,1.00000000,1.00000000,1.00000000,2.54849266,0.51000000,0.51162791,0.44000000,0.47311828,143
254,0.00333766,1.00000000,1.00000000,1.00000000,1.00000000,2.56950400,0.51000000,0.51162791,0.44000000,0.47311828,140
255,0.00338961,1.00000000,1.00000000,1.00000000,1.00000000,2.56331016,0.52000000,0.52380952,0.44000000,0.47826087,139
256,0.00326331,1.00000000,1.00000000,1.00000000,1.00000000,2.56488163,0.51000000,0.51162791,0.44000000,0.47311828,139
257,0.00321720,1.00000000,1.00000000,1.00000000,1.00000000,2.57821799,0.51000000,0.51162791,0.44000000,0.47311828,140
258,0.00319009,1.00000000,1.00000000,1.00000000,1.00000000,2.56684478,0.51000000,0.51162791,0.44000000,0.47311828,139
259,0.00315428,1.00000000,1.00000000,1.00000000,1.00000000,2.58776849,0.51000000,0.51162791,0.44000000,0.47311828,142
260,0.00320470,1.00000000,1.00000000,1.00000000,1.00000000,2.59603001,0.52000000,0.52380952,0.44000000,0.47826087,138
261,0.00309545,1.00000000,1.00000000,1.00000000,1.00000000,2.59458014,0.50000000,0.50000000,0.44000000,0.46808511,138
262,0.00313013,1.00000000,1.00000000,1.00000000,1.00000000,2.59878331,0.51000000,0.51162791,0.44000000,0.47311828,139
263,0.00305307,1.00000000,1.00000000,1.00000000,1.00000000,2.60115917,0.50000000,0.50000000,0.44000000,0.46808511,141
264,0.00304885,1.00000000,1.00000000,1.00000000,1.00000000,2.60066341,0.52000000,0.52173913,0.48000000,0.50000000,143
265,0.00298244,1.00000000,1.00000000,1.00000000,1.00000000,2.60792330,0.50000000,0.50000000,0.44000000,0.46808511,138
266,0.00296776,1.00000000,1.00000000,1.00000000,1.00000000,2.60355721,0.51000000,0.51162791,0.44000000,0.47311828,141
267,0.00292309,1.00000000,1.00000000,1.00000000,1.00000000,2.61944052,0.51000000,0.51162791,0.44000000,0.47311828,140
268,0.00293846,1.00000000,1.00000000,1.00000000,1.00000000,2.62296218,0.51000000,0.51162791,0.44000000,0.47311828,141
269,0.00300092,1.00000000,1.00000000,1.00000000,1.00000000,2.61845524,0.49000000,0.48888889,0.44000000,0.46315789,141
270,0.00287796,1.00000000,1.00000000,1.00000000,1.00000000,2.62324027,0.51000000,0.51162791,0.44000000,0.47311828,139
271,0.00285653,1.00000000,1.00000000,1.00000000,1.00000000,2.63430700,0.50000000,0.50000000,0.44000000,0.46808511,141
272,0.00280746,1.00000000,1.00000000,1.00000000,1.00000000,2.63590330,0.51000000,0.51162791,0.44000000,0.47311828,139
273,0.00278711,1.00000000,1.00000000,1.00000000,1.00000000,2.63807902,0.51000000,0.51162791,0.44000000,0.47311828,140
274,0.00274922,1.00000000,1.00000000,1.00000000,1.00000000,2.64919452,0.50000000,0.50000000,0.44000000,0.46808511,142
275,0.00273307,1.00000000,1.00000000,1.00000000,1.00000000,2.64826874,0.51000000,0.51162791,0.44000000,0.47311828,140
276,0.00270173,1.00000000,1.00000000,1.00000000,1.00000000,2.66617174,0.51000000,0.51162791,0.44000000,0.47311828,142
277,0.00267575,1.00000000,1.00000000,1.00000000,1.00000000,2.66486765,0.50000000,0.50000000,0.44000000,0.46808511,140
278,0.00265458,1.00000000,1.00000000,1.00000000,1.00000000,2.66335756,0.51000000,0.51162791,0.44000000,0.47311828,143
279,0.00263311,1.00000000,1.00000000,1.00000000,1.00000000,2.67098346,0.50000000,0.50000000,0.44000000,0.46808511,142
280,0.00263336,1.00000000,1.00000000,1.00000000,1.00000000,2.67643394,0.50000000,0.50000000,0.44000000,0.46808511,151
281,0.00261739,1.00000000,1.00000000,1.00000000,1.00000000,2.66289731,0.51000000,0.51162791,0.44000000,0.47311828,148
282,0.00259436,1.00000000,1.00000000,1.00000000,1.00000000,2.67097302,0.51000000,0.51162791,0.44000000,0.47311828,141
283,0.00256337,1.00000000,1.00000000,1.00000000,1.00000000,2.68501655,0.50000000,0.50000000,0.44000000,0.46808511,149
284,0.00253311,1.00000000,1.00000000,1.00000000,1.00000000,2.68710647,0.51000000,0.51162791,0.44000000,0.47311828,149
285,0.00251480,1.00000000,1.00000000,1.00000000,1.00000000,2.68968560,0.50000000,0.50000000,0.44000000,0.46808511,146
286,0.00249640,1.00000000,1.00000000,1.00000000,1.00000000,2.69728071,0.50000000,0.50000000,0.44000000,0.46808511,155
287,0.00247509,1.00000000,1.00000000,1.00000000,1.00000000,2.70725358,0.50000000,0.50000000,0.44000000,0.46808511,154
288,0.00245735,1.00000000,1.00000000,1.00000000,1.00000000,2.70141184,0.51000000,0.51162791,0.44000000,0.47311828,140
289,0.00243955,1.00000000,1.00000000,1.00000000,1.00000000,2.70306002,0.51000000,0.51162791,0.44000000,0.47311828,141
290,0.00243138,1.00000000,1.00000000,1.00000000,1.00000000,2.70956871,0.51000000,0.51162791,0.44000000,0.47311828,140
291,0.00246418,1.00000000,1.00000000,1.00000000,1.00000000,2.71509680,0.51000000,0.51162791,0.44000000,0.47311828,140
292,0.00240411,1.00000000,1.00000000,1.00000000,1.00000000,2.72633080,0.51000000,0.51162791,0.44000000,0.47311828,140
293,0.00239161,1.00000000,1.00000000,1.00000000,1.00000000,2.72145479,0.51000000,0.51162791,0.44000000,0.47311828,141
294,0.00235647,1.00000000,1.00000000,1.00000000,1.00000000,2.72800969,0.51000000,0.51162791,0.44000000,0.47311828,143
295,0.00235054,1.00000000,1.00000000,1.00000000,1.00000000,2.73468261,0.51000000,0.51162791,0.44000000,0.47311828,140
296,0.00232160,1.00000000,1.00000000,1.00000000,1.00000000,2.73226726,0.51000000,0.51162791,0.44000000,0.47311828,141
297,0.00231909,1.00000000,1.00000000,1.00000000,1.00000000,2.73274221,0.51000000,0.51162791,0.44000000,0.47311828,142
298,0.00228737,1.00000000,1.00000000,1.00000000,1.00000000,2.74389209,0.51000000,0.51162791,0.44000000,0.47311828,140
299,0.00228625,1.00000000,1.00000000,1.00000000,1.00000000,2.74681784,0.51000000,0.51162791,0.44000000,0.47311828,140
300,0.00225240,1.00000000,1.00000000,1.00000000,1.00000000,2.74552550,0.51000000,0.51162791,0.44000000,0.47311828,142
301,0.00223881,1.00000000,1.00000000,1.00000000,1.00000000,2.74546121,0.50000000,0.50000000,0.44000000,0.46808511,146
302,0.00225804,1.00000000,1.00000000,1.00000000,1.00000000,2.75275696,0.50000000,0.50000000,0.44000000,0.46808511,140
303,0.00221553,1.00000000,1.00000000,1.00000000,1.00000000,2.76017251,0.50000000,0.50000000,0.44000000,0.46808511,146
304,0.00220395,1.00000000,1.00000000,1.00000000,1.00000000,2.75232297,0.51000000,0.51162791,0.44000000,0.47311828,143
305,0.00218686,1.00000000,1.00000000,1.00000000,1.00000000,2.77019123,0.50000000,0.50000000,0.44000000,0.46808511,139
306,0.00216578,1.00000000,1.00000000,1.00000000,1.00000000,2.76611205,0.51000000,0.51162791,0.44000000,0.47311828,139
307,0.00215205,1.00000000,1.00000000,1.00000000,1.00000000,2.76282586,0.51000000,0.51162791,0.44000000,0.47311828,141
308,0.00214816,1.00000000,1.00000000,1.00000000,1.00000000,2.77314331,0.51000000,0.51111111,0.46000000,0.48421053,142
309,0.00212235,1.00000000,1.00000000,1.00000000,1.00000000,2.77190354,0.50000000,0.50000000,0.44000000,0.46808511,142
310,0.00211268,1.00000000,1.00000000,1.00000000,1.00000000,2.77955658,0.51000000,0.51111111,0.46000000,0.48421053,139
311,0.00211683,1.00000000,1.00000000,1.00000000,1.00000000,2.78082806,0.50000000,0.50000000,0.44000000,0.46808511,139
312,0.00209277,1.00000000,1.00000000,1.00000000,1.00000000,2.78446767,0.51000000,0.51162791,0.44000000,0.47311828,139
313,0.00207513,1.00000000,1.00000000,1.00000000,1.00000000,2.78715872,0.50000000,0.50000000,0.44000000,0.46808511,139
314,0.00206825,1.00000000,1.00000000,1.00000000,1.00000000,2.78986794,0.51000000,0.51162791,0.44000000,0.47311828,140
315,0.00204646,1.00000000,1.00000000,1.00000000,1.00000000,2.79791617,0.50000000,0.50000000,0.44000000,0.46808511,141
316,0.00204389,1.00000000,1.00000000,1.00000000,1.00000000,2.78640270,0.51000000,0.51162791,0.44000000,0.47311828,143
317,0.00202287,1.00000000,1.00000000,1.00000000,1.00000000,2.80410427,0.50000000,0.50000000,0.44000000,0.46808511,140
318,0.00201022,1.00000000,1.00000000,1.00000000,1.00000000,2.79523604,0.50000000,0.50000000,0.44000000,0.46808511,150
319,0.00199776,1.00000000,1.00000000,1.00000000,1.00000000,2.81064760,0.51000000,0.51162791,0.44000000,0.47311828,140
320,0.00198114,1.00000000,1.00000000,1.00000000,1.00000000,2.80624323,0.51000000,0.51162791,0.44000000,0.47311828,138
321,0.00197271,1.00000000,1.00000000,1.00000000,1.00000000,2.81568097,0.51000000,0.51111111,0.46000000,0.48421053,139
322,0.00196043,1.00000000,1.00000000,1.00000000,1.00000000,2.81164172,0.50000000,0.50000000,0.44000000,0.46808511,141
323,0.00195660,1.00000000,1.00000000,1.00000000,1.00000000,2.82285193,0.50000000,0.50000000,0.44000000,0.46808511,141
324,0.00195458,1.00000000,1.00000000,1.00000000,1.00000000,2.79858929,0.51000000,0.51111111,0.46000000,0.48421053,139
325,0.00193608,1.00000000,1.00000000,1.00000000,1.00000000,2.80355655,0.52000000,0.52272727,0.46000000,0.48936170,139
326,0.00192080,1.00000000,1.00000000,1.00000000,1.00000000,2.81562916,0.51000000,0.51162791,0.44000000,0.47311828,139
327,0.00190512,1.00000000,1.00000000,1.00000000,1.00000000,2.82057561,0.51000000,0.51162791,0.44000000,0.47311828,138
328,0.00189354,1.00000000,1.00000000,1.00000000,1.00000000,2.82636702,0.51000000,0.51162791,0.44000000,0.47311828,141
329,0.00188109,1.00000000,1.00000000,1.00000000,1.00000000,2.82916702,0.51000000,0.51162791,0.44000000,0.47311828,143
330,0.00187150,1.00000000,1.00000000,1.00000000,1.00000000,2.83688644,0.50000000,0.50000000,0.44000000,0.46808511,139
331,0.00186050,1.00000000,1.00000000,1.00000000,1.00000000,2.83293136,0.50000000,0.50000000,0.44000000,0.46808511,142
332,0.00185823,1.00000000,1.00000000,1.00000000,1.00000000,2.84482212,0.50000000,0.50000000,0.44000000,0.46808511,142
333,0.00184521,1.00000000,1.00000000,1.00000000,1.00000000,2.84210487,0.50000000,0.50000000,0.44000000,0.46808511,138
334,0.00183915,1.00000000,1.00000000,1.00000000,1.00000000,2.83986372,0.50000000,0.50000000,0.44000000,0.46808511,139
335,0.00182055,1.00000000,1.00000000,1.00000000,1.00000000,2.84597328,0.50000000,0.50000000,0.44000000,0.46808511,140
336,0.00181580,1.00000000,1.00000000,1.00000000,1.00000000,2.85000876,0.51000000,0.51162791,0.44000000,0.47311828,138
337,0.00180196,1.00000000,1.00000000,1.00000000,1.00000000,2.85549012,0.51000000,0.51162791,0.44000000,0.47311828,139
338,0.00179516,1.00000000,1.00000000,1.00000000,1.00000000,2.85245110,0.51000000,0.51162791,0.44000000,0.47311828,138
339,0.00178082,1.00000000,1.00000000,1.00000000,1.00000000,2.86230858,0.50000000,0.50000000,0.44000000,0.46808511,139
340,0.00178264,1.00000000,1.00000000,1.00000000,1.00000000,2.86123164,0.51000000,0.51162791,0.44000000,0.47311828,138
341,0.00177741,1.00000000,1.00000000,1.00000000,1.00000000,2.86465787,0.51000000,0.51162791,0.44000000,0.47311828,139
342,0.00176005,1.00000000,1.00000000,1.00000000,1.00000000,2.86888813,0.51000000,0.51162791,0.44000000,0.47311828,139
343,0.00174944,1.00000000,1.00000000,1.00000000,1.00000000,2.86828304,0.51000000,0.51162791,0.44000000,0.47311828,140
344,0.00173756,1.00000000,1.00000000,1.00000000,1.00000000,2.86923527,0.51000000,0.51162791,0.44000000,0.47311828,139
345,0.00172916,1.00000000,1.00000000,1.00000000,1.00000000,2.87716395,0.50000000,0.50000000,0.44000000,0.46808511,143
346,0.00172105,1.00000000,1.00000000,1.00000000,1.00000000,2.87597734,0.51000000,0.51162791,0.44000000,0.47311828,139
347,0.00171076,1.00000000,1.00000000,1.00000000,1.00000000,2.87408571,0.50000000,0.50000000,0.44000000,0.46808511,138
348,0.00169686,1.00000000,1.00000000,1.00000000,1.00000000,2.87922499,0.51000000,0.51162791,0.44000000,0.47311828,140
349,0.00169120,1.00000000,1.00000000,1.00000000,1.00000000,2.87905185,0.51000000,0.51162791,0.44000000,0.47311828,139
350,0.00167932,1.00000000,1.00000000,1.00000000,1.00000000,2.88431956,0.51000000,0.51162791,0.44000000,0.47311828,139
351,0.00167798,1.00000000,1.00000000,1.00000000,1.00000000,2.88790171,0.51000000,0.51162791,0.44000000,0.47311828,140
352,0.00166983,1.00000000,1.00000000,1.00000000,1.00000000,2.89649718,0.50000000,0.50000000,0.44000000,0.46808511,139
353,0.00165892,1.00000000,1.00000000,1.00000000,1.00000000,2.89001580,0.50000000,0.50000000,0.44000000,0.46808511,141
354,0.00165048,1.00000000,1.00000000,1.00000000,1.00000000,2.89144026,0.50000000,0.50000000,0.44000000,0.46808511,140
355,0.00164126,1.00000000,1.00000000,1.00000000,1.00000000,2.89497242,0.51000000,0.51162791,0.44000000,0.47311828,139
356,0.00163796,1.00000000,1.00000000,1.00000000,1.00000000,2.90585962,0.51000000,0.51111111,0.46000000,0.48421053,143
357,0.00162473,1.00000000,1.00000000,1.00000000,1.00000000,2.90247057,0.51000000,0.51111111,0.46000000,0.48421053,139
358,0.00161734,1.00000000,1.00000000,1.00000000,1.00000000,2.90793222,0.51000000,0.51162791,0.44000000,0.47311828,141
359,0.00161256,1.00000000,1.00000000,1.00000000,1.00000000,2.90518237,0.51000000,0.51162791,0.44000000,0.47311828,139
360,0.00160232,1.00000000,1.00000000,1.00000000,1.00000000,2.90984171,0.50000000,0.50000000,0.44000000,0.46808511,139
361,0.00160767,1.00000000,1.00000000,1.00000000,1.00000000,2.90747168,0.49000000,0.48888889,0.44000000,0.46315789,142
362,0.00159120,1.00000000,1.00000000,1.00000000,1.00000000,2.91447992,0.51000000,0.51162791,0.44000000,0.47311828,143
363,0.00158166,1.00000000,1.00000000,1.00000000,1.00000000,2.91180860,0.51000000,0.51162791,0.44000000,0.47311828,142
364,0.00157279,1.00000000,1.00000000,1.00000000,1.00000000,2.91884481,0.51000000,0.51162791,0.44000000,0.47311828,140
365,0.00156853,1.00000000,1.00000000,1.00000000,1.00000000,2.91252656,0.51000000,0.51162791,0.44000000,0.47311828,140
366,0.00155790,1.00000000,1.00000000,1.00000000,1.00000000,2.91499549,0.51000000,0.51162791,0.44000000,0.47311828,140
367,0.00154857,1.00000000,1.00000000,1.00000000,1.00000000,2.92407777,0.50000000,0.50000000,0.44000000,0.46808511,138
368,0.00154119,1.00000000,1.00000000,1.00000000,1.00000000,2.92323398,0.50000000,0.50000000,0.44000000,0.46808511,140
369,0.00153502,1.00000000,1.00000000,1.00000000,1.00000000,2.92652193,0.51000000,0.51111111,0.46000000,0.48421053,139
370,0.00152521,1.00000000,1.00000000,1.00000000,1.00000000,2.92760760,0.51000000,0.51162791,0.44000000,0.47311828,139
371,0.00151743,1.00000000,1.00000000,1.00000000,1.00000000,2.92748581,0.51000000,0.51162791,0.44000000,0.47311828,139
372,0.00151172,1.00000000,1.00000000,1.00000000,1.00000000,2.92816825,0.51000000,0.51162791,0.44000000,0.47311828,137
373,0.00151070,1.00000000,1.00000000,1.00000000,1.00000000,2.93527616,0.50000000,0.50000000,0.44000000,0.46808511,139
374,0.00150182,1.00000000,1.00000000,1.00000000,1.00000000,2.93766304,0.51000000,0.51162791,0.44000000,0.47311828,138
375,0.00149420,1.00000000,1.00000000,1.00000000,1.00000000,2.93892540,0.51000000,0.51162791,0.44000000,0.47311828,139
376,0.00148648,1.00000000,1.00000000,1.00000000,1.00000000,2.93993958,0.51000000,0.51162791,0.44000000,0.47311828,138
377,0.00148107,1.00000000,1.00000000,1.00000000,1.00000000,2.94500874,0.51000000,0.51162791,0.44000000,0.47311828,141
378,0.00147288,1.00000000,1.00000000,1.00000000,1.00000000,2.93999320,0.51000000,0.51111111,0.46000000,0.48421053,140
379,0.00146589,1.00000000,1.00000000,1.00000000,1.00000000,2.94887394,0.50000000,0.50000000,0.44000000,0.46808511,139
380,0.00145800,1.00000000,1.00000000,1.00000000,1.00000000,2.94704881,0.50000000,0.50000000,0.44000000,0.46808511,138
381,0.00145513,1.00000000,1.00000000,1.00000000,1.00000000,2.94305159,0.51000000,0.51111111,0.46000000,0.48421053,144
382,0.00144692,1.00000000,1.00000000,1.00000000,1.00000000,2.95409644,0.51000000,0.51111111,0.46000000,0.48421053,141
383,0.00144572,1.00000000,1.00000000,1.00000000,1.00000000,2.95450481,0.50000000,0.50000000,0.44000000,0.46808511,153
384,0.00143714,1.00000000,1.00000000,1.00000000,1.00000000,2.95648959,0.50000000,0.50000000,0.44000000,0.46808511,150
385,0.00142985,1.00000000,1.00000000,1.00000000,1.00000000,2.96261576,0.51000000,0.51162791,0.44000000,0.47311828,143
386,0.00142608,1.00000000,1.00000000,1.00000000,1.00000000,2.95535382,0.51000000,0.51162791,0.44000000,0.47311828,141
387,0.00141500,1.00000000,1.00000000,1.00000000,1.00000000,2.96138496,0.50000000,0.50000000,0.44000000,0.46808511,142
388,0.00140926,1.00000000,1.00000000,1.00000000,1.00000000,2.96073199,0.51000000,0.51162791,0.44000000,0.47311828,140
389,0.00140259,1.00000000,1.00000000,1.00000000,1.00000000,2.96776431,0.50000000,0.50000000,0.44000000,0.46808511,142
390,0.00139735,1.00000000,1.00000000,1.00000000,1.00000000,2.97249076,0.50000000,0.50000000,0.44000000,0.46808511,139
391,0.00138975,1.00000000,1.00000000,1.00000000,1.00000000,2.96944530,0.50000000,0.50000000,0.44000000,0.46808511,144
392,0.00138348,1.00000000,1.00000000,1.00000000,1.00000000,2.97271744,0.50000000,0.50000000,0.44000000,0.46808511,144
393,0.00137806,1.00000000,1.00000000,1.00000000,1.00000000,2.97379216,0.51000000,0.51162791,0.44000000,0.47311828,146
394,0.00138153,1.00000000,1.00000000,1.00000000,1.00000000,2.97486893,0.50000000,0.50000000,0.46000000,0.47916667,138
395,0.00137185,1.00000000,1.00000000,1.00000000,1.00000000,2.97706086,0.50000000,0.50000000,0.44000000,0.46808511,139
396,0.00136630,1.00000000,1.00000000,1.00000000,1.00000000,2.97741579,0.50000000,0.50000000,0.44000000,0.46808511,143
397,0.00135803,1.00000000,1.00000000,1.00000000,1.00000000,2.98182270,0.51000000,0.51162791,0.44000000,0.47311828,139
398,0.00135203,1.00000000,1.00000000,1.00000000,1.00000000,2.98844346,0.50000000,0.50000000,0.44000000,0.46808511,139
399,0.00134553,1.00000000,1.00000000,1.00000000,1.00000000,2.98648411,0.51000000,0.51162791,0.44000000,0.47311828,141
400,0.00134043,1.00000000,1.00000000,1.00000000,1.00000000,2.99397465,0.50000000,0.50000000,0.44000000,0.46808511,145
401,0.00133311,1.00000000,1.00000000,1.00000000,1.00000000,2.99062241,0.51000000,0.51162791,0.44000000,0.47311828,141
402,0.00132916,1.00000000,1.00000000,1.00000000,1.00000000,2.98767430,0.51000000,0.51111111,0.46000000,0.48421053,139
403,0.00132287,1.00000000,1.00000000,1.00000000,1.00000000,2.99090012,0.51000000,0.51111111,0.46000000,0.48421053,140
404,0.00131791,1.00000000,1.00000000,1.00000000,1.00000000,2.99115388,0.51000000,0.51111111,0.46000000,0.48421053,139
405,0.00131292,1.00000000,1.00000000,1.00000000,1.00000000,2.99817604,0.51000000,0.51162791,0.44000000,0.47311828,142
406,0.00131732,1.00000000,1.00000000,1.00000000,1.00000000,2.99882390,0.49000000,0.48888889,0.44000000,0.46315789,140
407,0.00130994,1.00000000,1.00000000,1.00000000,1.00000000,3.00389773,0.50000000,0.50000000,0.44000000,0.46808511,139
408,0.00130113,1.00000000,1.00000000,1.00000000,1.00000000,3.00353667,0.51000000,0.51162791,0.44000000,0.47311828,139
409,0.00129568,1.00000000,1.00000000,1.00000000,1.00000000,3.00354345,0.51000000,0.51162791,0.44000000,0.47311828,139
410,0.00128867,1.00000000,1.00000000,1.00000000,1.00000000,3.00753588,0.51000000,0.51162791,0.44000000,0.47311828,139
411,0.00128359,1.00000000,1.00000000,1.00000000,1.00000000,3.00626814,0.51000000,0.51162791,0.44000000,0.47311828,141
412,0.00127745,1.00000000,1.00000000,1.00000000,1.00000000,3.00924982,0.50000000,0.50000000,0.44000000,0.46808511,138
413,0.00127489,1.00000000,1.00000000,1.00000000,1.00000000,3.00980439,0.50000000,0.50000000,0.46000000,0.47916667,139
414,0.00126803,1.00000000,1.00000000,1.00000000,1.00000000,3.00994767,0.50000000,0.50000000,0.44000000,0.46808511,143
415,0.00126242,1.00000000,1.00000000,1.00000000,1.00000000,3.01556932,0.51000000,0.51162791,0.44000000,0.47311828,139
416,0.00125835,1.00000000,1.00000000,1.00000000,1.00000000,3.01274762,0.51000000,0.51162791,0.44000000,0.47311828,141
417,0.00125274,1.00000000,1.00000000,1.00000000,1.00000000,3.02055128,0.51000000,0.51162791,0.44000000,0.47311828,140
418,0.00124919,1.00000000,1.00000000,1.00000000,1.00000000,3.01957039,0.51000000,0.51162791,0.44000000,0.47311828,139
419,0.00124905,1.00000000,1.00000000,1.00000000,1.00000000,3.02210161,0.49000000,0.48888889,0.44000000,0.46315789,140
420,0.00124342,1.00000000,1.00000000,1.00000000,1.00000000,3.02046760,0.51000000,0.51162791,0.44000000,0.47311828,139
421,0.00123663,1.00000000,1.00000000,1.00000000,1.00000000,3.02533633,0.50000000,0.50000000,0.44000000,0.46808511,140
422,0.00123067,1.00000000,1.00000000,1.00000000,1.00000000,3.02463528,0.49000000,0.48888889,0.44000000,0.46315789,138
423,0.00122567,1.00000000,1.00000000,1.00000000,1.00000000,3.02763201,0.50000000,0.50000000,0.46000000,0.47916667,140
424,0.00122408,1.00000000,1.00000000,1.00000000,1.00000000,3.02767475,0.50000000,0.50000000,0.46000000,0.47916667,142
425,0.00121571,1.00000000,1.00000000,1.00000000,1.00000000,3.03321860,0.50000000,0.50000000,0.44000000,0.46808511,140
426,0.00121218,1.00000000,1.00000000,1.00000000,1.00000000,3.02975834,0.51000000,0.51162791,0.44000000,0.47311828,139
427,0.00120657,1.00000000,1.00000000,1.00000000,1.00000000,3.03407455,0.51000000,0.51162791,0.44000000,0.47311828,142
428,0.00120219,1.00000000,1.00000000,1.00000000,1.00000000,3.03247713,0.50000000,0.50000000,0.46000000,0.47916667,138
429,0.00119806,1.00000000,1.00000000,1.00000000,1.00000000,3.03316222,0.51000000,0.51162791,0.44000000,0.47311828,139
430,0.00119258,1.00000000,1.00000000,1.00000000,1.00000000,3.03534244,0.50000000,0.50000000,0.44000000,0.46808511,139
431,0.00118879,1.00000000,1.00000000,1.00000000,1.00000000,3.04044601,0.50000000,0.50000000,0.44000000,0.46808511,141
432,0.00118496,1.00000000,1.00000000,1.00000000,1.00000000,3.04199197,0.50000000,0.50000000,0.46000000,0.47916667,138
433,0.00118685,1.00000000,1.00000000,1.00000000,1.00000000,3.04302008,0.50000000,0.50000000,0.46000000,0.47916667,138
434,0.00117863,1.00000000,1.00000000,1.00000000,1.00000000,3.04371625,0.50000000,0.50000000,0.44000000,0.46808511,141
435,0.00117417,1.00000000,1.00000000,1.00000000,1.00000000,3.04800804,0.49000000,0.48888889,0.44000000,0.46315789,143
436,0.00116948,1.00000000,1.00000000,1.00000000,1.00000000,3.04892921,0.50000000,0.50000000,0.44000000,0.46808511,144
437,0.00116504,1.00000000,1.00000000,1.00000000,1.00000000,3.04568585,0.49000000,0.48888889,0.44000000,0.46315789,165
438,0.00116171,1.00000000,1.00000000,1.00000000,1.00000000,3.04564232,0.51000000,0.51162791,0.44000000,0.47311828,140
439,0.00115586,1.00000000,1.00000000,1.00000000,1.00000000,3.05130192,0.50000000,0.50000000,0.44000000,0.46808511,149
440,0.00115088,1.00000000,1.00000000,1.00000000,1.00000000,3.05213851,0.51000000,0.51162791,0.44000000,0.47311828,146
441,0.00114766,1.00000000,1.00000000,1.00000000,1.00000000,3.05185854,0.50000000,0.50000000,0.44000000,0.46808511,140
442,0.00114315,1.00000000,1.00000000,1.00000000,1.00000000,3.05547625,0.50000000,0.50000000,0.44000000,0.46808511,143
443,0.00114271,1.00000000,1.00000000,1.00000000,1.00000000,3.04124678,0.51000000,0.51111111,0.46000000,0.48421053,140
444,0.00113919,1.00000000,1.00000000,1.00000000,1.00000000,3.04583064,0.50000000,0.50000000,0.46000000,0.47916667,144
445,0.00114137,1.00000000,1.00000000,1.00000000,1.00000000,3.05567149,0.52000000,0.52272727,0.46000000,0.48936170,139
446,0.00113236,1.00000000,1.00000000,1.00000000,1.00000000,3.05830375,0.50000000,0.50000000,0.44000000,0.46808511,140
447,0.00112879,1.00000000,1.00000000,1.00000000,1.00000000,3.06012289,0.50000000,0.50000000,0.46000000,0.47916667,141
448,0.00112303,1.00000000,1.00000000,1.00000000,1.00000000,3.06496411,0.49000000,0.48888889,0.44000000,0.46315789,139
449,0.00111840,1.00000000,1.00000000,1.00000000,1.00000000,3.06510387,0.50000000,0.50000000,0.46000000,0.47916667,147
450,0.00111528,1.00000000,1.00000000,1.00000000,1.00000000,3.06577935,0.49000000,0.48888889,0.44000000,0.46315789,144
451,0.00110955,1.00000000,1.00000000,1.00000000,1.00000000,3.06967787,0.49000000,0.48888889,0.44000000,0.46315789,142
452,0.00110545,1.00000000,1.00000000,1.00000000,1.00000000,3.07378113,0.51000000,0.51162791,0.44000000,0.47311828,140
453,0.00110107,1.00000000,1.00000000,1.00000000,1.00000000,3.07330408,0.51000000,0.51162791,0.44000000,0.47311828,140
454,0.00109875,1.00000000,1.00000000,1.00000000,1.00000000,3.07301466,0.50000000,0.50000000,0.46000000,0.47916667,138
455,0.00109471,1.00000000,1.00000000,1.00000000,1.00000000,3.07471289,0.49000000,0.48888889,0.44000000,0.46315789,143
456,0.00109043,1.00000000,1.00000000,1.00000000,1.00000000,3.08128657,0.50000000,0.50000000,0.44000000,0.46808511,139
457,0.00108581,1.00000000,1.00000000,1.00000000,1.00000000,3.07974257,0.50000000,0.50000000,0.44000000,0.46808511,140
458,0.00108220,1.00000000,1.00000000,1.00000000,1.00000000,3.08098756,0.49000000,0.48888889,0.44000000,0.46315789,140
459,0.00108552,1.00000000,1.00000000,1.00000000,1.00000000,3.08445400,0.50000000,0.50000000,0.46000000,0.47916667,139
460,0.00107982,1.00000000,1.00000000,1.00000000,1.00000000,3.09105216,0.49000000,0.48888889,0.44000000,0.46315789,146
461,0.00107482,1.00000000,1.00000000,1.00000000,1.00000000,3.08679775,0.49000000,0.48888889,0.44000000,0.46315789,140
462,0.00106990,1.00000000,1.00000000,1.00000000,1.00000000,3.08548884,0.49000000,0.48888889,0.44000000,0.46315789,142
463,0.00106583,1.00000000,1.00000000,1.00000000,1.00000000,3.08618429,0.49000000,0.48888889,0.44000000,0.46315789,141
464,0.00106283,1.00000000,1.00000000,1.00000000,1.00000000,3.09076933,0.49000000,0.48888889,0.44000000,0.46315789,145
465,0.00105806,1.00000000,1.00000000,1.00000000,1.00000000,3.08757203,0.49000000,0.48888889,0.44000000,0.46315789,149
466,0.00105363,1.00000000,1.00000000,1.00000000,1.00000000,3.09173027,0.49000000,0.48888889,0.44000000,0.46315789,156
467,0.00105096,1.00000000,1.00000000,1.00000000,1.00000000,3.09042635,0.49000000,0.48888889,0.44000000,0.46315789,153
468,0.00104576,1.00000000,1.00000000,1.00000000,1.00000000,3.09330743,0.49000000,0.48888889,0.44000000,0.46315789,148
469,0.00104336,1.00000000,1.00000000,1.00000000,1.00000000,3.09908165,0.49000000,0.48888889,0.44000000,0.46315789,139
470,0.00104554,1.00000000,1.00000000,1.00000000,1.00000000,3.10024110,0.50000000,0.50000000,0.46000000,0.47916667,139
471,0.00104019,1.00000000,1.00000000,1.00000000,1.00000000,3.09753079,0.50000000,0.50000000,0.46000000,0.47916667,139
472,0.00103582,1.00000000,1.00000000,1.00000000,1.00000000,3.09923051,0.49000000,0.48888889,0.44000000,0.46315789,140
473,0.00103193,1.00000000,1.00000000,1.00000000,1.00000000,3.10370798,0.49000000,0.48888889,0.44000000,0.46315789,138
474,0.00102816,1.00000000,1.00000000,1.00000000,1.00000000,3.10134547,0.49000000,0.48888889,0.44000000,0.46315789,139
475,0.00102552,1.00000000,1.00000000,1.00000000,1.00000000,3.10671267,0.50000000,0.50000000,0.46000000,0.47916667,140
476,0.00102042,1.00000000,1.00000000,1.00000000,1.00000000,3.10626684,0.49000000,0.48888889,0.44000000,0.46315789,141
477,0.00101740,1.00000000,1.00000000,1.00000000,1.00000000,3.10778836,0.49000000,0.48888889,0.44000000,0.46315789,143
478,0.00101415,1.00000000,1.00000000,1.00000000,1.00000000,3.10864609,0.49000000,0.48888889,0.44000000,0.46315789,141
479,0.00101015,1.00000000,1.00000000,1.00000000,1.00000000,3.10904405,0.49000000,0.48888889,0.44000000,0.46315789,141
480,0.00100703,1.00000000,1.00000000,1.00000000,1.00000000,3.10895597,0.50000000,0.50000000,0.44000000,0.46808511,142
481,0.00100431,1.00000000,1.00000000,1.00000000,1.00000000,3.11514220,0.49000000,0.48888889,0.44000000,0.46315789,142
482,0.00100135,1.00000000,1.00000000,1.00000000,1.00000000,3.11453647,0.49000000,0.48888889,0.44000000,0.46315789,142
483,0.00100472,1.00000000,1.00000000,1.00000000,1.00000000,3.11640332,0.50000000,0.50000000,0.46000000,0.47916667,138
484,0.00099781,1.00000000,1.00000000,1.00000000,1.00000000,3.11760579,0.49000000,0.48888889,0.44000000,0.46315789,141
485,0.00099510,1.00000000,1.00000000,1.00000000,1.00000000,3.12208720,0.49000000,0.48888889,0.44000000,0.46315789,140
486,0.00099040,1.00000000,1.00000000,1.00000000,1.00000000,3.11964178,0.49000000,0.48888889,0.44000000,0.46315789,145
487,0.00098692,1.00000000,1.00000000,1.00000000,1.00000000,3.12004233,0.49000000,0.48888889,0.44000000,0.46315789,145
488,0.00098372,1.00000000,1.00000000,1.00000000,1.00000000,3.12453681,0.49000000,0.48888889,0.44000000,0.46315789,142
489,0.00098020,1.00000000,1.00000000,1.00000000,1.00000000,3.12228089,0.49000000,0.48888889,0.44000000,0.46315789,148
490,0.00097744,1.00000000,1.00000000,1.00000000,1.00000000,3.11999192,0.50000000,0.50000000,0.44000000,0.46808511,140
491,0.00097360,1.00000000,1.00000000,1.00000000,1.00000000,3.12595534,0.49000000,0.48888889,0.44000000,0.46315789,148
492,0.00097032,1.00000000,1.00000000,1.00000000,1.00000000,3.12527941,0.49000000,0.48888889,0.44000000,0.46315789,154
493,0.00096806,1.00000000,1.00000000,1.00000000,1.00000000,3.12477158,0.50000000,0.50000000,0.44000000,0.46808511,147
494,0.00096482,1.00000000,1.00000000,1.00000000,1.00000000,3.13047183,0.49000000,0.48888889,0.44000000,0.46315789,138
495,0.00096244,1.00000000,1.00000000,1.00000000,1.00000000,3.12901675,0.49000000,0.48888889,0.44000000,0.46315789,144
496,0.00096329,1.00000000,1.00000000,1.00000000,1.00000000,3.13082225,0.50000000,0.50000000,0.46000000,0.47916667,143
497,0.00095892,1.00000000,1.00000000,1.00000000,1.00000000,3.13080931,0.49000000,0.48888889,0.44000000,0.46315789,139
498,0.00095645,1.00000000,1.00000000,1.00000000,1.00000000,3.13017076,0.49000000,0.48888889,0.44000000,0.46315789,143
499,0.00095163,1.00000000,1.00000000,1.00000000,1.00000000,3.13562809,0.49000000,0.48888889,0.44000000,0.46315789,140
500,0.00094789,1.00000000,1.00000000,1.00000000,1.00000000,3.13508758,0.49000000,0.48888889,0.44000000,0.46315789,139
